lat,lng,atclCfmYmd,atclNm,market_price,year,household_count,subway_line,subway_name,subway_distance,spc2,atclFetrDesc,tagList,현관구조,parking_per_household,min_floor,max_floor,direction,rooms,bath_rooms,location,atclNo,dates
37.656124,127.028234,24.08.08.,한양6차,33000,2002,582,,,,83.86,수리상태  양호,"['25년이내', '방세개', '화장실두개', '주차가능']",계단식,1,5,15,남향,3,2,https://map.kakao.com/?q=서울시 도봉구 쌍문동 59-5&service=opensearch,https://fin.land.naver.com/articles/2438941011,['24.08.08.']
37.545926,127.134661,24.08.08.,한신,35000,1991,224,5호선,굽은다리역,811.0,57.84,로열층 동향으로 깨끗하게 부분 수리된 저렴하고 살기좋은 아파트,"['25년이상', '융자금적은', '방세개', '화장실한개']",복도식,0.37,7,14,동향,3,1,https://map.kakao.com/?q=서울시 강동구 천호동 237&service=opensearch,https://fin.land.naver.com/articles/2438970699,['24.08.08.']
37.374534,127.140653,24.08.09.,효자촌대명,34000,1995,144,,,,58.95,깨끗 융무  양영학군,"['25년이상', '1층', '방세개', '화장실한개']",계단식,1,1,4,남서향,3,1,https://map.kakao.com/?q=경기도 성남시 분당구 서현동 323&service=opensearch,https://fin.land.naver.com/articles/2439096585,['24.08.09.']
37.661904,127.013651,24.08.09.,성원,35000,1990,262,우이신설,북한산우이역,253.0,84.98,남향 내부특급올수리 방3 화2 빠른 입주가능,"['25년이상', '융자금없는', '올수리', '역세권']",계단식,0.8,5,15,남향,3,2,https://map.kakao.com/?q=서울시 강북구 우이동 1&service=opensearch,https://fin.land.naver.com/articles/2439190145,['24.08.09.']
37.626645,127.039618,24.08.09.,번동솔그린,30500,1999,380,,,,59.82,씽크대 교체해줌,"['25년이내', '융자금없는', '방세개', '화장실한개']",복도식,0.81,저,18,남동향,3,1,https://map.kakao.com/?q=서울시 강북구 번동 136&service=opensearch,https://fin.land.naver.com/articles/2439193864,['24.08.09.']
37.661904,127.013651,24.08.10.,성원,35000,1990,262,우이신설,북한산우이역,253.0,84.98,우이역앞.특올수리.남향.전세대출보증보험가.엘베.주차,"['25년이상', '융자금없는', '올수리', '역세권']",계단식,0.8,저,15,남향,3,2,https://map.kakao.com/?q=서울시 강북구 우이동 1&service=opensearch,https://fin.land.naver.com/articles/2439258106,['24.08.10.']
37.679046,127.045881,24.08.12.,래미안도봉,37000,2005,448,1호선,도봉역,268.0,59.25,전망 굿  깨끗  입주 협의,"['25년이내', '융자금없는', '역세권', '방세개']",복합식,1,중,17,남서향,3,1,https://map.kakao.com/?q=서울시 도봉구 도봉동 655&service=opensearch,https://fin.land.naver.com/articles/2439623987,['24.08.12.']
37.681612,127.054635,24.08.12.,은빛1단지,32000,1998,1391,7호선,수락산역,402.0,59.92,"내부올수리집이며 채광좋은 남향집, 빠른입주도 가능해요.","['25년이상', '융자금없는', '올수리', '역세권']",복도식,0.56,6,15,남향,3,1,https://map.kakao.com/?q=서울시 노원구 상계동 1255&service=opensearch,https://fin.land.naver.com/articles/2439582161,"['24.08.12.', '24.08.05.']"
37.579166,126.819654,24.08.12.,마곡서광,32000,1998,284,5호선,방화역,971.0,59.67,"추천, 살기 좋은 집 , 수리됨, LED등, 숲세권","['25년이상', '방세개', '화장실한개', '세대당1대']",계단식,1,저,16,남동향,3,1,https://map.kakao.com/?q=서울시 강서구 방화동 860&service=opensearch,https://fin.land.naver.com/articles/2439617461,"['24.08.12.', '24.07.11.']"
37.62683,127.03046,24.08.12.,미아신구,30000,2000,105,4호선,미아역,508.0,59.41,은행대출가능 보증보험가능 주차편리 남서향,"['25년이내', '융자금적은', '방세개', '화장실한개']",계단식,1,저,12,남서향,3,1,https://map.kakao.com/?q=서울시 강북구 미아동 1352&service=opensearch,https://fin.land.naver.com/articles/2439432029,"['24.08.12.', '24.07.11.']"
37.672186,127.056738,24.08.13.,상계우방,36000,2000,274,7호선,수락산역,611.0,59.93,수리  입주 협의 가능 지하주차장 2층 연결됨,"['25년이내', '융자금없는', '방세개', '화장실한개']",계단식,1.39,8,19,동향,3,1,https://map.kakao.com/?q=서울시 노원구 상계동 1295&service=opensearch,https://fin.land.naver.com/articles/2439754669,"['24.08.13.', '24.07.10.', '24.08.07.']"
37.512197,126.830912,24.08.13.,신정이펜하우스3단지,37000,2011,1339,,,,59.93,"이펜중심단지 로얄동 채광굿 깨끗, 12월중순이후","['15년이내', '대단지', '방세개', '화장실두개']",계단식,1.1,저,15,남서향,3,2,https://map.kakao.com/?q=서울시 양천구 신정동 1316&service=opensearch,https://fin.land.naver.com/articles/2439688939,['24.08.13.']
37.659913,127.031064,24.08.13.,벽산1차,28000,1991,489,,,,63.38,올수리 정상,"['25년이상', '올수리', '방세개', '화장실한개']",복도식,0,9,15,남향,3,1,https://map.kakao.com/?q=서울시 도봉구 방학동 275&service=opensearch,https://fin.land.naver.com/articles/2439687341,['24.08.13.']
37.656122,127.029084,24.08.13.,한양6차,35000,2002,582,,,,83.86,"수리,입주일협의,도배장판해줌,조용한동,학군굿,채광좋음","['25년이내', '방세개', '화장실두개', '저층']",계단식,0.71,2,15,남향,3,2,https://map.kakao.com/?q=서울시 도봉구 쌍문동 59-5&service=opensearch,https://fin.land.naver.com/articles/2439817722,['24.08.13.']
37.65746,127.02702,24.08.13.,청구,37000,1994,978,,,,84.97,내부 수리 초당초 선덕중고 명문 학군 정상 입주 되요,"['25년이상', '융자금없는', '화장실두개', '방세개']",계단식,0.65,2,14,남향,3,2,https://map.kakao.com/?q=서울시 도봉구 방학동 734&service=opensearch,https://fin.land.naver.com/articles/2439821031,['24.08.13.']
37.6632,127.07862,24.08.15.,청암2단지,25000,2001,602,4호선,상계역,755.0,59.4,내부 깨끗하고 불암산 조망권 우수합니다  ,"['25년이내', '방세개', '화장실한개', '중층']",복합식,0.76,중,20,남동향,3,1,https://map.kakao.com/?q=서울시 노원구 상계동 1276&service=opensearch,https://fin.land.naver.com/articles/2440193444,['24.08.15.']
37.617401,127.009154,24.08.16.,정릉풍림아이원,33000,2005,1971,우이신설,북한산보국문역,907.0,59.88,기본형 산책로 조망 집상태 깔끔한 집 빠른 입주 가능,"['25년이내', '대단지', '방세개', '화장실한개']",복도식,1.2,9,18,동향,3,1,https://map.kakao.com/?q=서울시 성북구 정릉동 239&service=opensearch,https://fin.land.naver.com/articles/2440272534,['24.08.16.']
37.3045,127.09837,24.08.16.,성호샤인힐즈,35000,2005,777,,,,84.98,정남향 로얄동 확트인조망 수리깨끗,"['25년이내', '융자금없는', '방세개', '화장실두개']",계단식,1.26,9,10,남향,3,2,https://map.kakao.com/?q=경기도 용인시 기흥구 보정동 878-22&service=opensearch,https://fin.land.naver.com/articles/2440258018,['24.08.16.']
37.374276,127.14113,24.08.16.,효자촌대명,32000,1995,144,,,,58.95,수리 깨끗  융무,"['25년이상', '방세개', '화장실한개', '중층']",계단식,0.59,2,4,남동향,3,1,https://map.kakao.com/?q=경기도 성남시 분당구 서현동 323&service=opensearch,https://fin.land.naver.com/articles/2440202263,['24.08.16.']
37.61467,126.90683,24.08.17.,동익파크,35000,1991,208,,,,84.98,"관리상태 양호합니다. 조망권 좋아요, 정남향","['25년이상', '방세개', '화장실두개', '중층']",계단식,0.81,7,13,남향,3,2,https://map.kakao.com/?q=서울시 은평구 구산동 355-95&service=opensearch,https://fin.land.naver.com/articles/2440445459,['24.08.17.']
37.67446,127.050395,24.08.17.,북부현대,28000,1996,105,7호선,수락산역,705.0,59.24,"전체수리후첫입주,빠른입주도가능","['25년이상', '방세개', '화장실한개', '저층']",복도식,0.77,2,15,동향,3,1,https://map.kakao.com/?q=서울시 노원구 상계동 1273&service=opensearch,https://fin.land.naver.com/articles/2440557259,['24.08.17.']
37.671738,127.081058,24.08.17.,성림,30000,2006,240,4호선,당고개역,227.0,84.5,전체 올수리 첫 입주 빠른입주가능,"['25년이내', '융자금없는', '올수리', '역세권']",계단식,0.8,2,20,남향,3,2,https://map.kakao.com/?q=서울시 노원구 상계동 1320&service=opensearch,https://fin.land.naver.com/articles/2440574422,['24.08.17.']
37.334669,127.119723,24.08.17.,무지개12단지주공,32410,1995,905,,,,58.14,"올수리,환한정남향,푸르른숲세권,11월말입주협의","['25년이상', '올수리', '방세개', '화장실한개']",복도식,1,6,12,남향,3,1,https://map.kakao.com/?q=경기도 성남시 분당구 구미동 212&service=opensearch,https://fin.land.naver.com/articles/2440532927,['24.08.17.']
37.6632,127.07862,24.08.19.,청암2단지,25000,2001,602,4호선,상계역,755.0,59.4,씽크대 교체해 드리며 급저렴해요 하시입주,"['25년이내', '방세개', '화장실한개', '중층']",계단식,0.76,중,20,남동향,3,1,https://map.kakao.com/?q=서울시 노원구 상계동 1276&service=opensearch,https://fin.land.naver.com/articles/2440794503,['24.08.19.']
37.61766,126.90681,24.08.19.,우남,29900,1998,109,,,,59.92,입주일 협의 가능합니다. 관리상태최상,"['25년이상', '융자금없는', '방세개']",복도식,1,9,16,남서향,3,1,https://map.kakao.com/?q=서울시 은평구 갈현동 540&service=opensearch,https://fin.land.naver.com/articles/2440865588,['24.08.19.']
37.602702,127.098715,24.08.19.,라이프미성,32000,1992,277,경춘,망우역,770.0,76.16,"도배,장판해줌,입주협의가","['25년이상', '방세개', '화장실한개', '중층']",복도식,0,6,12,남동향,3,1,https://map.kakao.com/?q=서울시 중랑구 신내동 487&service=opensearch,https://fin.land.naver.com/articles/2440773589,"['24.08.19.', '24.07.15.']"
37.652569,127.021118,24.08.21.,현대3차,32000,1995,287,,,,84.97,쌍문동 방3화2 깔끔한집  빠른입주가능,"['25년이상', '방세개', '화장실두개', '주차가능']",계단식,0.73,4,12,남동향,3,2,https://map.kakao.com/?q=서울시 도봉구 쌍문동 719&service=opensearch,https://fin.land.naver.com/articles/2441257904,['24.08.21.']
37.312407,127.091541,24.08.21.,진산마을성원상떼빌,35000,1997,1744,,,,59.99,12월중순이후 씽크대 신발장 하장실 올수리  초록전망,"['25년이상', '올수리', '대단지', '방세개']",계단식,0.99,3,20,남동향,3,1,https://map.kakao.com/?q=경기도 용인시 수지구 상현동 30&service=opensearch,https://fin.land.naver.com/articles/2441252135,['24.08.21.']
37.62953,127.04599,24.08.21.,월계극동,36000,1996,199,,,,80.28,앞이 막힘없이 전망이 좋은 아파트로 귀한 전세 매물입니다,"['25년이상', '융자금없는', '방세개', '화장실두개']",계단식,1,7,14,남서향,3,2,https://map.kakao.com/?q=서울시 노원구 월계동 803-1&service=opensearch,https://fin.land.naver.com/articles/2441233233,['24.08.21.']
37.334853,127.119021,24.08.21.,무지개12단지주공,34000,1995,905,,,,59.98,"올수리,조용하고 앞틔인 시원한 전망.초등학교 인접","['25년이상', '올수리', '방세개', '화장실두개']",계단식,1,3,20,동향,3,2,https://map.kakao.com/?q=경기도 성남시 분당구 구미동 212&service=opensearch,https://fin.land.naver.com/articles/2441151500,['24.08.21.']
37.643594,127.066652,24.08.21.,중계무지개,28000,1991,2433,7호선,중계역,166.0,59.26,"올수리,중계역,초중고,홈플러스,근린공원,종합병원10분이내","['25년이상', '올수리', '역세권', '대단지']",복도식,0.37,3,15,남향,3,1,https://map.kakao.com/?q=서울시 노원구 중계동 513&service=opensearch,https://fin.land.naver.com/articles/2441161057,['24.08.21.']
37.657711,127.024065,24.08.21.,우성1차,33000,1992,658,,,,84.69,올수리잘됨 앞이틔인집 지하주차장시설좋고 초당초정문옆,"['25년이상', '올수리', '방세개', '화장실두개']",계단식,1,8,12,남향,3,2,https://map.kakao.com/?q=서울시 도봉구 방학동 507&service=opensearch,https://fin.land.naver.com/articles/2441140432,['24.08.21.']
37.335282,127.11852,24.08.21.,무지개12단지주공,34000,1995,905,,,,59.98,동향.수리깨끗.9말.싼매물,"['25년이상', '융자금없는', '방세개', '화장실한개']",복합식,10,4,25,남향,3,1,https://map.kakao.com/?q=경기도 성남시 분당구 구미동 212&service=opensearch,https://fin.land.naver.com/articles/2441094053,['24.08.21.']
37.3036,127.11103,24.08.22.,상떼빌구성역플랫폼시티,35000,2000,691,수인분당,구성역,948.0,84.86,융무 저렴전세 앞동 법화산뷰 GTX구성역더블역세권 입주일협의가능 초품아,"['25년이내', '방세개', '화장실두개', '중층']",계단식,1.62,중,20,동향,3,2,https://map.kakao.com/?q=경기도 용인시 기흥구 보정동 694&service=opensearch,https://fin.land.naver.com/articles/2441418688,['24.08.22.']
37.65514,127.03146,24.08.22.,쌍문미라보,35000,1995,142,,,,84.97,내부 올수리 되어 상태 깨끗하며 쾌적한 숲세권 조용한  집입니다.,"['25년이상', '올수리', '방세개', '화장실두개']",계단식,0.92,5,15,남동향,3,2,https://map.kakao.com/?q=서울시 도봉구 쌍문동 160&service=opensearch,https://fin.land.naver.com/articles/2441283271,['24.08.22.']
37.68549,127.0472,24.08.22.,도봉한신,35000,1995,2678,7호선,도봉산역,425.0,84.94,"깨끗관리,동간거리넓어서채광좋음,정상입주","['25년이상', '역세권', '대단지', '방세개']",계단식,0.91,4,17,남향,3,2,https://map.kakao.com/?q=서울시 도봉구 도봉동 30-1&service=opensearch,https://fin.land.naver.com/articles/2441355855,['24.08.22.']
37.408432,127.150602,24.08.22.,목련마을화성빌리지,35000,1994,224,,,,71.77,"올수리,하시입주가능,융자없음,","['25년이상', '융자금없는', '올수리', '방세개']",계단식,1,2,4,동향,3,1,https://map.kakao.com/?q=경기도 성남시 분당구 야탑동 185&service=opensearch,https://fin.land.naver.com/articles/2441513218,['24.08.22.']
37.512197,126.830912,24.08.23.,신정이펜하우스3단지,37000,2011,1339,,,,59.93,이펜중심단지 깨끗  입주협의,"['15년이내', '대단지', '방세개', '화장실두개']",복합식,1.1,저,15,남서향,3,2,https://map.kakao.com/?q=서울시 양천구 신정동 1316&service=opensearch,https://fin.land.naver.com/articles/2441572449,['24.08.23.']
37.657711,127.024065,24.08.23.,우성1차,33000,1992,658,,,,84.69, 좋은라인 상태 양호 하며 깨끗한 집 입주일은 협의 됩니다.,"['25년이상', '방세개', '화장실두개', '중층']",계단식,0.56,중,12,남향,3,2,https://map.kakao.com/?q=서울시 도봉구 방학동 507&service=opensearch,https://fin.land.naver.com/articles/2441506688,['24.08.23.']
37.68706,127.04708,24.08.23.,도봉한신,35000,1995,2678,7호선,도봉산역,425.0,84.94,수리기본 긴정상,"['25년이상', '역세권', '대단지', '방세개']",계단식,0.91,5,17,남향,3,2,https://map.kakao.com/?q=서울시 도봉구 도봉동 30-1&service=opensearch,https://fin.land.naver.com/articles/2441537035,['24.08.23.']
37.62928,127.05242,24.08.23.,월계주공2단지,30000,1992,2002,1호선,월계역,912.0,59.97,방3 특올수리 베란다확장,"['25년이상', '올수리', '확장형', '대단지']",복합식,0.39,10,15,남동향,3,1,https://map.kakao.com/?q=서울시 노원구 월계동 556&service=opensearch,https://fin.land.naver.com/articles/2441675321,['24.08.23.']
37.65514,127.03146,24.08.23.,쌍문미라보,28000,1995,142,,,,59.96,"숲조망,아이들키우기좋은집,학군굿,주변환경좋음","['25년이상', '1층', '방세개', '화장실한개']",계단식,0.92,1,15,남동향,3,1,https://map.kakao.com/?q=서울시 도봉구 쌍문동 160&service=opensearch,https://fin.land.naver.com/articles/2441661082,['24.08.23.']
37.65779,127.02538,24.08.23.,청구,37000,1994,978,,,,84.97,샷시교체수리 내부구조굳 편리성굳 선덕중고 5분거리,"['25년이상', '방세개', '화장실두개', '고층']",계단식,0.65,8,11,남향,3,2,https://map.kakao.com/?q=서울시 도봉구 방학동 734&service=opensearch,https://fin.land.naver.com/articles/2441610160,['24.08.23.']
37.620037,127.009776,24.08.24.,벽산라이브파크,37000,2004,1585,우이신설,솔샘역,397.0,60.0,"가나추천,조정가,계단식.올수리.방1확.에어컨,10월2일이후협의가","['25년이내', '올수리', '대단지', '방세개']",계단식,1.18,중,18,남서향,3,2,https://map.kakao.com/?q=서울시 강북구 미아동 1354&service=opensearch,https://fin.land.naver.com/articles/2441766288,['24.08.24.']
37.657711,127.024065,24.08.26.,우성1차,33000,1992,658,,,,84.69,9월초부터 입주가능 특올수리 전망 학군좋은아파트,"['25년이상', '융자금없는', '올수리', '방세개']",계단식,0.56,8,12,남향,3,2,https://map.kakao.com/?q=서울시 도봉구 방학동 507&service=opensearch,https://fin.land.naver.com/articles/2441893555,['24.08.26.']
37.681084,127.052805,24.08.26.,은빛1단지,30000,1998,1391,7호선,수락산역,402.0,59.95,남향 올수리 역세권 초품아 아이들 키우기 좋은집 생활권 좋은 대단지,"['25년이상', '올수리', '역세권', '대단지']",복도식,0.56,1,15,남향,3,1,https://map.kakao.com/?q=서울시 노원구 상계동 1255&service=opensearch,https://fin.land.naver.com/articles/2442075664,['24.08.26.']
37.639109,127.041021,24.08.26.,창동한신(451),37000,1999,121,,,,84.92,11월 입주 가능해요.,"['25년이상', '융자금없는', '방세개', '화장실두개']",복합식,0.75,10,12,남동향,3,2,https://map.kakao.com/?q=서울시 도봉구 창동 451&service=opensearch,https://fin.land.naver.com/articles/2442129619,['24.08.26.']
37.61459,127.0735,24.08.26.,묵동한국,34600,1999,225,7호선,태릉입구역,524.0,59.64,전망굿 씽크대 화장실 조명교체 도배 신혼강추 먹골역 중랑천 이마트 은행,"['25년이상', '융자금없는', '역세권', '화장실한개']",복도식,1.17,중,19,서향,3,1,https://map.kakao.com/?q=서울시 중랑구 묵동 378&service=opensearch,https://fin.land.naver.com/articles/2442097675,['24.08.26.']
37.30271,127.09736,24.08.26.,성호샤인힐즈,35000,2005,777,,,,84.98,"분당선 구성역 GTX,SRT 풀랫폼시피 호재 품격 있는 생활 인프라","['25년이내', '융자금없는', '방세개', '화장실두개']",계단식,1.26,5,10,남향,3,2,https://map.kakao.com/?q=경기도 용인시 기흥구 보정동 878-22&service=opensearch,https://fin.land.naver.com/articles/2442081950,['24.08.26.']
37.4064,127.15443,24.08.26.,목련마을SK,37000,1998,272,,,,59.93,"수리깨끗,남향,입주일협의","['25년이상', '융자금없는', '1층', '방세개']",계단식,0.97,1,15,남향,3,1,https://map.kakao.com/?q=경기도 성남시 분당구 야탑동 147&service=opensearch,https://fin.land.naver.com/articles/2442101164,"['24.08.26.', '24.07.26.']"
37.601124,127.094951,24.08.26.,건영2차,36000,1996,1113,경춘,망우역,321.0,74.9,망우역세권 남향 생활인프라 우수,"['25년이상', '역세권', '대단지', '1층']",계단식,0.81,1,23,남향,3,2,https://map.kakao.com/?q=서울시 중랑구 상봉동 63&service=opensearch,https://fin.land.naver.com/articles/2442034335,['24.08.26.']
37.62683,127.03046,24.08.26.,미아신구,35000,2000,105,4호선,미아역,508.0,84.9,미아역 7분. 화장실2.,"['25년이내', '융자금적은', '복층']",계단식,1.1,저,12,남향,3,2,https://map.kakao.com/?q=서울시 강북구 미아동 1352&service=opensearch,https://fin.land.naver.com/articles/2442012966,['24.08.26.']
37.46437,126.94072,24.08.26.,신동아,32900,1994,107,,,,84.3,인테리어예정 융자 없는 귀한 아파트 방3욕실2 반려동물 협의가능,"['25년이상', '융자금없는', '화장실두개']",복도식,1.13,중,18,남서향,3,2,https://map.kakao.com/?q=서울시 관악구 신림동 산28-9&service=opensearch,https://fin.land.naver.com/articles/2442098001,['24.08.26.']
37.573704,126.817635,24.08.26.,장미(도시개발1단지),32000,1994,387,5호선,방화역,736.0,59.04,9호선 신방화역 10분이내 햇살좋은 남향집으로 융자없는조건입니다,"['25년이상', '융자금없는', '방세개', '화장실한개']",복도식,1,9,15,남향,3,1,https://map.kakao.com/?q=서울시 강서구 방화동 841&service=opensearch,https://fin.land.naver.com/articles/2442119999,['24.08.26.']
37.597607,126.907249,24.08.27.,현대2차,35000,1994,380,6호선,응암역,994.0,84.83,새절역도보가능  3년전 올리모델링한 집,"['25년이상', '방세개', '화장실두개', '주차가능']",계단식,0.71,2,19,남향,3,2,https://map.kakao.com/?q=서울시 은평구 신사동 355&service=opensearch,https://fin.land.naver.com/articles/2442200746,['24.08.27.']
37.642059,127.019534,24.08.27.,수유벽산1차,30000,1993,1454,우이신설,가오리역,578.0,63.78,상태좋은 아파트 전세입니다,"['25년이상', '융자금없는', '역세권', '대단지']",복도식,0.77,2,15,동향,3,1,https://map.kakao.com/?q=서울시 강북구 수유동 205&service=opensearch,https://fin.land.naver.com/articles/2442311534,['24.08.27.']
37.64234,127.01276,24.08.27.,극동,33000,1992,574,우이신설,가오리역,562.0,71.3,남향으로환함 귀한1층전세 올수리,"['25년이상', '융자금없는', '올수리']",계단식,1,1,11,남향,3,1,https://map.kakao.com/?q=서울시 강북구 수유동 553-61&service=opensearch,https://fin.land.naver.com/articles/2442185475,['24.08.27.']
37.511144,126.83741,24.08.27.,푸른마을3단지,32000,2001,440,,,,59.99,"공원조망,융자무, 내부상태깔끔, 입주일협의가능","['25년이내', '융자금없는', '방세개', '화장실한개']",복도식,0.95,3,15,동향,3,1,https://map.kakao.com/?q=서울시 양천구 신정동 1283&service=opensearch,https://fin.land.naver.com/articles/2442202722,['24.08.27.']
37.511144,126.83741,24.08.27.,푸른마을3단지,35000,2001,440,,,,59.99,"융자무, 수리되어 내부상태깔끔, 입주일 협의가능","['25년이내', '융자금없는', '방세개', '화장실한개']",복도식,0.95,저,15,동향,3,1,https://map.kakao.com/?q=서울시 양천구 신정동 1283&service=opensearch,https://fin.land.naver.com/articles/2442212571,['24.08.27.']
37.62901,127.04651,24.08.27.,월계극동,35000,1996,199,,,,80.28,깨끗하게 수리된집 월세 보1억에 90만원 가능,"['25년이상', '방세개', '화장실두개', '저층']",계단식,0.63,3,17,남서향,3,2,https://map.kakao.com/?q=서울시 노원구 월계동 803-1&service=opensearch,https://fin.land.naver.com/articles/2442230760,['24.08.27.']
37.50786,126.84101,24.08.27.,신정현대6차,37000,2000,703,,,,59.4,"남서향,컨디션베리굿,인덕션,조용한동,산뷰,입주협의","['25년이내', '융자금적은', '방세개', '화장실한개']",복도식,1.15,저,20,남서향,3,1,https://map.kakao.com/?q=서울시 양천구 신정동 743-2&service=opensearch,https://fin.land.naver.com/articles/2442297586,['24.08.27.']
37.681923,127.048531,24.08.28.,도봉유원,36000,1990,286,1호선,도봉역,477.0,84.93,남향 올수리해 드림 아주깨끗 역세권,"['25년이상', '올수리', '역세권', '1층']",계단식,0.5,1,15,남향,3,2,https://map.kakao.com/?q=서울시 도봉구 도봉동 83&service=opensearch,https://fin.land.naver.com/articles/2442342138,['24.08.28.']
37.508164,126.842263,24.08.28.,신정현대6차,35000,2000,703,,,,59.4,깨끗 초중고 인접  교통편리 입주일 협의,"['25년이내', '방세개', '화장실한개', '세대당1대']",복도식,1.15,4,20,동향,3,1,https://map.kakao.com/?q=서울시 양천구 신정동 743-2&service=opensearch,https://fin.land.naver.com/articles/2442476654,['24.08.28.']
37.66019,127.0327,24.08.28.,벽산1차,33000,1991,489,,,,72.01,상태깨끗 입주 협의가능,"['25년이상', '방세개', '화장실한개', '주차가능']",계단식,0,5,15,남동향,3,1,https://map.kakao.com/?q=서울시 도봉구 방학동 275&service=opensearch,https://fin.land.naver.com/articles/2442427095,['24.08.28.']
37.64214,127.0381,24.08.28.,창동대우,36500,1995,952,4호선,쌍문역,861.0,84.88,일부수리되어 깨끗함. 시세보다 저렴한 귀한 전세,"['25년이상', '융자금없는', '1층', '방세개']",계단식,1.07,1,19,남향,3,2,https://map.kakao.com/?q=서울시 도봉구 창동 804&service=opensearch,https://fin.land.naver.com/articles/2442459748,['24.08.28.']
37.335282,127.11852,24.08.28.,무지개12단지주공,37000,1995,905,,,,59.98,5년전올수리 빠른입주가능 구미초인접단지 트인전망 조용한단지,"['25년이상', '올수리', '방세개', '화장실한개']",복합식,1,10,25,서향,3,1,https://map.kakao.com/?q=경기도 성남시 분당구 구미동 212&service=opensearch,https://fin.land.naver.com/articles/2442421695,['24.08.28.']
37.65779,127.02538,24.08.28.,청구,37000,1994,978,,,,84.97,위치 편리성굳 초당초선덕중고 내부일부수리깨끗,"['25년이상', '방세개', '화장실두개', '중층']",계단식,0.65,7,11,남향,3,2,https://map.kakao.com/?q=서울시 도봉구 방학동 734&service=opensearch,https://fin.land.naver.com/articles/2442435029,['24.08.28.']
37.508164,126.842263,24.08.28.,신정현대6차,35000,2000,703,,,,59.4,저렴하고 귀한전세 정상입주 융자무,"['25년이내', '방세개', '화장실한개', '세대당1대']",복도식,1.1,4,20,동향,3,1,https://map.kakao.com/?q=서울시 양천구 신정동 743-2&service=opensearch,https://fin.land.naver.com/articles/2442464831,['24.08.28.']
37.668082,127.081307,24.08.29.,불암현대,26000,1999,826,4호선,당고개역,503.0,59.4,정상 내부수리되어완전깨끗강추천,"['25년이내', '역세권', '방세개', '화장실한개']",복도식,1,9,22,남서향,3,1,https://map.kakao.com/?q=서울시 노원구 상계동 1293&service=opensearch,https://fin.land.naver.com/articles/2442702542,['24.08.29.']
37.62953,127.04599,24.08.29.,월계극동,36000,1996,199,,,,80.28,앞이 막힘없이 전망이 좋은 집,"['25년이상', '융자금없는', '방세개', '화장실두개']",복합식,1,7,14,남서향,3,2,https://map.kakao.com/?q=서울시 노원구 월계동 803-1&service=opensearch,https://fin.land.naver.com/articles/2442638665,['24.08.29.']
37.62901,127.04651,24.08.29.,월계극동,35000,1996,199,,,,80.28,아이키우기 좋은 1층집으로 내부 수리해 드려요,"['25년이상', '1층', '방세개', '화장실두개']",계단식,0.63,1,17,남서향,3,2,https://map.kakao.com/?q=서울시 노원구 월계동 803-1&service=opensearch,https://fin.land.naver.com/articles/2442572819,['24.08.29.']
37.5792,126.81223,24.08.29.,동성,35000,1993,686,5호선,방화역,365.0,64.65,전체수리,"['25년이상', '역세권', '방세개', '화장실한개']",계단식,1.27,2,14,남향,3,1,https://map.kakao.com/?q=서울시 강서구 방화동 817&service=opensearch,https://fin.land.naver.com/articles/2442665816,['24.08.29.']
37.65377,127.04056,24.08.29.,창동주공1단지,31000,1990,808,1호선,창동역,772.0,59.22,"방3, 전체수리, 개별난방, 입주협의","['25년이상', '방세개', '화장실한개', '중층']",복도식,0.76,6,15,남향,3,1,https://map.kakao.com/?q=서울시 도봉구 창동 305&service=opensearch,https://fin.land.naver.com/articles/2442683028,['24.08.29.']
37.657711,127.024065,24.08.29.,우성1차,35000,1992,658,,,,84.69,특올수리됨 협의입주가능 ,"['25년이상', '올수리', '방세개', '화장실두개']",계단식,3,9,12,남향,3,2,https://map.kakao.com/?q=서울시 도봉구 방학동 507&service=opensearch,https://fin.land.naver.com/articles/2442730010,['24.08.29.']
37.629297,127.062356,24.08.29.,성원4단지,33000,1995,713,1호선,월계역,846.0,59.94,전체수리됨 남향 주거환경양호 이마트 학교 인접,"['25년이상', '융자금없는', '방세개', '화장실한개']",복도식,1,5,15,남향,3,1,https://map.kakao.com/?q=서울시 노원구 월계동 322-1&service=opensearch,https://fin.land.naver.com/articles/2442568552,['24.08.29.']
37.335273,127.119693,24.08.29.,무지개12단지주공,33000,1995,905,,,,58.14,"샷시포함올수리,남향,정상입주","['25년이상', '올수리', '방세개', '화장실한개']",복도식,1,3,12,남향,3,1,https://map.kakao.com/?q=경기도 성남시 분당구 구미동 212&service=opensearch,https://fin.land.naver.com/articles/2442693965,['24.08.29.']
37.633478,127.026852,24.08.29.,미아요진,32000,2005,123,4호선,수유역,652.0,59.42,수유역도보8분,"['25년이내', '융자금없는', '복층']",복도식,0.96,2,15,남향,3,1,https://map.kakao.com/?q=서울시 강북구 미아동 152&service=opensearch,https://fin.land.naver.com/articles/2442563500,['24.08.29.']
37.681927,127.053531,24.08.29.,은빛1단지,35000,1998,1391,7호선,수락산역,402.0,59.92,올수리 역세권 초품아 지하주차장 생활권 좋은 대단지,"['25년이상', '올수리', '역세권', '대단지']",계단식,0.56,4,15,동향,3,1,https://map.kakao.com/?q=서울시 노원구 상계동 1255&service=opensearch,https://fin.land.naver.com/articles/2442692914,['24.08.29.']
37.629794,127.045363,24.08.29.,유원,37000,1998,154,,,,84.93,남향에 고층이라 밝고 환한집이며 12월중에 입주가능합니다.,"['25년이상', '방세개', '화장실두개', '중층']",계단식,0.98,중,20,남향,3,2,https://map.kakao.com/?q=서울시 노원구 월계동 880&service=opensearch,https://fin.land.naver.com/articles/2442531829,['24.08.29.']
37.655628,127.029317,24.08.30.,한양6차,37000,2002,582,,,,83.86,"추천,특올수리 빠른 입주도가능,확트인전망굿,선덕학군,주차편리함","['25년이내', '올수리', '방세개']",계단식,0.71,10,15,동향,3,2,https://map.kakao.com/?q=서울시 도봉구 쌍문동 59-5&service=opensearch,https://fin.land.naver.com/articles/2442951937,['24.08.30.']
37.65756,127.04949,24.08.30.,동아청솔,36000,1997,1981,1호선,창동역,701.0,59.76,수리되어 깨끗한 전망좋은 집입니다,"['25년이상', '융자금없는', '대단지', '방세개']",복도식,1.16,3,20,동향,3,1,https://map.kakao.com/?q=서울시 도봉구 창동 808&service=opensearch,https://fin.land.naver.com/articles/2442890374,['24.08.30.']
37.648778,127.081897,24.08.30.,진로대림,35000,1992,192,,,,59.04,수리하였으며 교육환경우수 지역의 귀한  추천 임대 3.3억에 10만원가,"['25년이상', '융자금없는', '방세개', '화장실한개']",복도식,0.85,10,13,남동향,3,1,https://map.kakao.com/?q=서울시 노원구 중계동 78&service=opensearch,https://fin.land.naver.com/articles/2442839771,['24.08.30.']
37.6632,127.07862,24.08.30.,청암2단지,30000,2001,602,4호선,상계역,755.0,59.4,"전망,수리예정 하시","['25년이내', '방세개', '화장실한개', '중층']",계단식,0.76,중,20,동향,3,1,https://map.kakao.com/?q=서울시 노원구 상계동 1276&service=opensearch,https://fin.land.naver.com/articles/2442885522,['24.08.30.']
37.677993,127.052833,24.08.30.,두산,26000,1994,763,7호선,수락산역,243.0,59.97,수락역세권 남향 수리깨끗 정상또는 빠른입주가능,"['25년이상', '융자금없는', '역세권', '1층']",복도식,0.63,1,15,남향,3,1,https://map.kakao.com/?q=서울시 노원구 상계동 1110&service=opensearch,https://fin.land.naver.com/articles/2442798458,['24.08.30.']
37.681823,127.053929,24.08.30.,은빛1단지,27000,1998,1391,7호선,수락산역,402.0,59.92,샷시 교체 내부올수리 애기들 키우기 좋아요,"['25년이상', '융자금없는', '올수리', '역세권']",복합식,0.56,1,15,서향,3,1,https://map.kakao.com/?q=서울시 노원구 상계동 1255&service=opensearch,https://fin.land.naver.com/articles/2442947621,['24.08.30.']
37.617624,127.021848,24.08.30.,현대성우(주상복합),35000,1998,216,우이신설,삼양사거리역,451.0,59.4,미아뉴타운 인근 현대성우아파트 전세,"['25년이상', '융자금없는', '역세권', '화장실한개']",복도식,102,10,17,서향,3,1,https://map.kakao.com/?q=서울시 강북구 미아동 561-2&service=opensearch,https://fin.land.naver.com/articles/2442867152,['24.08.30.']
37.62683,127.03046,24.08.30.,미아신구,32000,2000,105,4호선,미아역,508.0,84.94,미아역도보7분 오동근린공원 근접 공기좋은 미아신구아파트,"['25년이내', '융자금없는', '화장실두개', '방세개']",계단식,1,8,12,북동향,3,2,https://map.kakao.com/?q=서울시 강북구 미아동 1352&service=opensearch,https://fin.land.naver.com/articles/2442789880,['24.08.30.']
37.60288,127.10916,24.08.31.,중랑숲금호어울림,35000,2006,686,경의중앙,양원역,581.0,59.96,"망원역세권 중랑캠핑숲인접 맨앞동, 반전세가능","['25년이내', '방세개', '화장실한개', '세대당1대']",복합식,1.2,저,15,남향,3,1,https://map.kakao.com/?q=서울시 중랑구 망우동 580&service=opensearch,https://fin.land.naver.com/articles/2443071198,['24.08.31.']
37.579536,126.819705,24.08.31.,마곡서광,30000,1998,284,5호선,방화역,971.0,59.67,"올수리됨, 남향으로 밝고, 아이들키우기좋음.안심보험가능","['25년이상', '올수리', '1층', '방세개']",계단식,1,1,16,남향,3,1,https://map.kakao.com/?q=서울시 강서구 방화동 860&service=opensearch,https://fin.land.naver.com/articles/2442936696,['24.08.31.']
37.326696,127.093695,24.08.31.,현대,35000,1994,1168,신분당,수지구청역,588.0,60.03,"소유주직접의뢰,거실확장, 관리잘되어깨끗,입주일 언제든협의가능","['25년이상', '대단지', '방세개', '화장실한개']",복도식,1,10,15,남향,3,1,https://map.kakao.com/?q=경기도 용인시 수지구 풍덕천동 700-1&service=opensearch,https://fin.land.naver.com/articles/2442963341,['24.08.31.']
37.625323,127.047667,24.08.31.,번동주공1단지,37000,1991,1430,,,,79.07,"로얄층, 탁트인조망, 수리되어 밝고 깨끗함.","['25년이상', '융자금없는', '대단지', '방세개']",복도식,1,중,15,남동향,3,1,https://map.kakao.com/?q=서울시 강북구 번동 242&service=opensearch,https://fin.land.naver.com/articles/2443019109,['24.08.31.']
37.655773,127.032693,24.09.02.,한양5차,28000,1991,414,,,,65.37,"금액저렴하며, 상태 깨끗함.","['25년이상', '융자금없는', '방세개', '화장실한개']",복도식,0.68,2,17,동향,3,1,https://map.kakao.com/?q=서울시 도봉구 쌍문동 59-3&service=opensearch,https://fin.land.naver.com/articles/2443307904,['24.09.02.']
37.334427,127.118631,24.09.02.,무지개12단지주공,35000,1995,905,,,,59.98,"샷시포함전체올수리,구미초,아기키우기좋음,","['25년이상', '융자금없는', '올수리', '방세개']",복도식,1,2,25,서향,3,1,https://map.kakao.com/?q=경기도 성남시 분당구 구미동 212&service=opensearch,https://fin.land.naver.com/articles/2443297540,['24.09.02.']
37.511773,126.837321,24.09.02.,푸른마을3단지,37000,2001,440,,,,59.99,"최근올수리, 내부상태깔끔, 입주일협의가능","['25년이내', '올수리', '방세개', '화장실한개']",복도식,0.9,저,12,동향,3,1,https://map.kakao.com/?q=서울시 양천구 신정동 1283&service=opensearch,https://fin.land.naver.com/articles/2443376244,"['24.09.02.', '24.09.03.']"
37.67723,127.05775,24.09.02.,극동늘푸른,28000,2000,299,7호선,수락산역,206.0,59.95,역세권2분.  조용한단지.  쾌적하고 집상태깨끗.  11월중순,"['25년이내', '역세권', '1층', '방세개']",복도식,0.86,1,16,남향,3,1,https://map.kakao.com/?q=서울시 노원구 상계동 1128&service=opensearch,https://fin.land.naver.com/articles/2443236810,['24.09.02.']
37.508164,126.842263,24.09.02.,신정현대6차,36000,2000,703,,,,59.4,올수리되어 깨끗하고 조용함,"['25년이내', '올수리', '1층', '방세개']",복도식,1.15,1,20,동향,3,1,https://map.kakao.com/?q=서울시 양천구 신정동 743-2&service=opensearch,https://fin.land.naver.com/articles/2443292032,['24.09.02.']
37.341764,127.099834,24.09.02.,용인수지풍림2차,32200,1998,271,신분당,동천역,546.0,59.94,올수리 신분당선동천역세권 12울중순이후입주 3억2천에 월세3만원가능,"['25년이상', '올수리', '방세개', '화장실한개']",복도식,0,3,23,동향,3,1,https://map.kakao.com/?q=경기도 용인시 수지구 동천동 176-1&service=opensearch,https://fin.land.naver.com/articles/2443164485,['24.09.02.']
37.605668,126.905931,24.09.02.,경남아너스빌,37000,2004,475,,,,84.69,전망좋은 지하연결동.임대사업자월세,"['25년이내', '방세개', '화장실두개', '세대당1대']",계단식,1.32,저,17,동향,3,2,https://map.kakao.com/?q=서울시 은평구 구산동 224&service=opensearch,https://fin.land.naver.com/articles/2443381586,['24.09.02.']
37.680971,127.054473,24.09.02.,은빛1단지,33000,1998,1391,7호선,수락산역,402.0,59.95,샷시부터 전체 올수리 후 첫입주  신혼 추천 남향,"['25년이상', '융자금적은', '올수리', '역세권']",복도식,0.56,2,15,남향,3,1,https://map.kakao.com/?q=서울시 노원구 상계동 1255&service=opensearch,https://fin.land.naver.com/articles/2443320401,['24.09.02.']
37.63047,127.03543,24.09.02.,금호,28000,1998,284,,,,59.43,남향. 숲이 예쁘게보이는 집. 도배해줍니다.,"['25년이상', '융자금없는', '화장실한개', '방세개']",복합식,0.82,중,20,남향,3,1,https://map.kakao.com/?q=서울시 강북구 번동 656&service=opensearch,https://fin.land.naver.com/articles/2443299422,['24.09.02.']
37.62683,127.03046,24.09.03.,미아신구,33000,2000,105,4호선,미아역,508.0,84.94,미아역도보7분 .신일중고 학군.,"['25년이내', '융자금없는', '방세개', '화장실두개']",계단식,1,8,12,북동향,3,2,https://map.kakao.com/?q=서울시 강북구 미아동 1352&service=opensearch,https://fin.land.naver.com/articles/2443401807,['24.09.03.']
37.62112,127.010985,24.09.03.,벽산라이브파크,37000,2004,1585,우이신설,솔샘역,397.0,59.67,"올수리후입주,입주협의.","['25년이내', '융자금없는', '올수리', '역세권']",복도식,1.18,저,25,남동향,3,2,https://map.kakao.com/?q=서울시 강북구 미아동 1354&service=opensearch,https://fin.land.naver.com/articles/2443418403,['24.09.03.']
37.652569,127.021118,24.09.03.,현대3차,32000,1995,287,,,,84.97,O남향O밝은집 방3화2 기본형 입주협의 ,"['25년이상', '방세개', '화장실두개', '관리비20만원이하']",계단식,0.7,4,12,남동향,3,2,https://map.kakao.com/?q=서울시 도봉구 쌍문동 719&service=opensearch,https://fin.land.naver.com/articles/2443420105,['24.09.03.']
37.605668,126.905931,24.09.03.,경남아너스빌,36000,2004,475,,,,84.69,지하주차장 연결동 ,"['25년이내', '융자금없는', '화장실두개', '방세개']",계단식,1.32,5,17,동향,3,2,https://map.kakao.com/?q=서울시 은평구 구산동 224&service=opensearch,https://fin.land.naver.com/articles/2443445985,['24.09.03.']
37.678681,127.044242,24.09.03.,럭키,36000,1992,630,1호선,도봉역,315.0,84.86,샷시포함 내부특올수리 정상 역세권,"['25년이상', '융자금없는', '올수리', '역세권']",계단식,0.85,2,15,남향,3,2,https://map.kakao.com/?q=서울시 도봉구 도봉동 595&service=opensearch,https://fin.land.naver.com/articles/2443557203,['24.09.03.']
37.53732,126.85351,24.09.03.,태영방송인,36700,2000,148,,,,59.94,"안심전세 가능,전망굿,깨끗 함,입주 협의.","['25년이내', '융자금없는', '방세개', '화장실한개']",복도식,1.17,10,16,남서향,3,1,https://map.kakao.com/?q=서울시 강서구 화곡동 1140&service=opensearch,https://fin.land.naver.com/articles/2443543133,['24.09.03.']
37.6153,126.90689,24.09.03.,동익파크,36000,1991,208,,,,84.95,입주 입주 협의 가능함,"['25년이상', '방세개', '화장실두개', '중층']",계단식,1,중,10,남서향,3,2,https://map.kakao.com/?q=서울시 은평구 구산동 355-95&service=opensearch,https://fin.land.naver.com/articles/2443487578,['24.09.03.']
37.511773,126.837321,24.09.03.,푸른마을3단지,37000,2001,440,,,,59.99,"최근올수리, 내부상태깔끔, 입주일협의가능","['25년이내', '올수리', '방세개', '화장실한개']",복도식,0.95,저,12,동향,3,1,https://map.kakao.com/?q=서울시 양천구 신정동 1283&service=opensearch,https://fin.land.naver.com/articles/2443375630,['24.09.03.']
37.56147,126.84543,24.09.03.,등촌주공5단지,32500,1995,1045,5호선,발산역,929.0,58.14,남향집으로 아주깨끗해요.등현초배정,"['25년이상', '융자금없는', '대단지', '방세개']",복도식,0.61,5,15,남향,3,1,https://map.kakao.com/?q=서울시 강서구 등촌동 695&service=opensearch,https://fin.land.naver.com/articles/2443577752,['24.09.03.']
37.638616,127.060471,24.09.03.,학여울청구,35000,1999,1476,1호선,월계역,373.0,59.4,화장실 싱크대 도배 도색 전등 전체수리 중평초중학군 난방비 관리비지원,"['25년이상', '대단지', '방세개', '화장실한개']",복도식,1.15,5,18,동향,3,1,https://map.kakao.com/?q=서울시 노원구 하계동 354&service=opensearch,https://fin.land.naver.com/articles/2443420126,['24.09.03.']
37.32611,127.09126,24.09.03.,보원,30000,1994,619,신분당,수지구청역,710.0,59.72,전체 깨끗수리.역세권.넓은지하주차장,"['25년이상', '융자금없는', '방세개', '화장실한개']",복도식,0.7,3,15,남동향,3,1,https://map.kakao.com/?q=경기도 용인시 수지구 풍덕천동 692&service=opensearch,https://fin.land.naver.com/articles/2443468303,['24.09.03.']
37.65859,127.03144,24.09.03.,현대1차,33000,1990,783,,,,70.3,"남향 올수리 교육환경좋음,계단형방3개,구조좋고 접근성좋음.","['25년이상', '올수리', '방세개', '화장실한개']",계단식,0,2,13,남향,3,1,https://map.kakao.com/?q=서울시 도봉구 쌍문동 54&service=opensearch,https://fin.land.naver.com/articles/2443420016,['24.09.03.']
37.32611,127.09126,24.09.03.,보원,30000,1994,619,신분당,수지구청역,710.0,59.72,10월말입주.전체 깨끗수리.역세권.넓은지하주차장,"['25년이상', '융자금없는', '방세개', '화장실한개']",복도식,0.7,3,15,남동향,3,1,https://map.kakao.com/?q=경기도 용인시 수지구 풍덕천동 692&service=opensearch,https://fin.land.naver.com/articles/2443490549,['24.09.03.']
37.638616,127.060471,24.09.04.,학여울청구,34000,1999,1476,1호선,월계역,373.0,59.4,깨끗 정상 부분수리예정,"['25년이상', '대단지', '화장실한개', '방세개']",계단식,1.15,9,18,남향,3,1,https://map.kakao.com/?q=서울시 노원구 하계동 354&service=opensearch,https://fin.land.naver.com/articles/2443638506,['24.09.04.']
37.676915,127.053152,24.09.04.,두산,30000,1994,763,7호선,수락산역,243.0,59.97,수락산역 초역세권 아파트입니다.,"['25년이상', '융자금적은', '역세권', '방세개']",복도식,0.63,2,15,서향,3,1,https://map.kakao.com/?q=서울시 노원구 상계동 1110&service=opensearch,https://fin.land.naver.com/articles/2443622260,['24.09.04.']
37.68021,127.053972,24.09.04.,은빛2단지,32000,1998,1313,7호선,수락산역,262.0,59.95,내부수리 된상태에서 샷시.도배.전등 교체 후 입주,"['25년이상', '융자금없는', '역세권', '대단지']",복도식,0.54,6,15,동향,3,1,https://map.kakao.com/?q=서울시 노원구 상계동 1256&service=opensearch,https://fin.land.naver.com/articles/2443779225,['24.09.04.']
37.41267,127.14079,24.09.04.,매화마을현대벽산,36000,1994,252,,,,59.94,"2년전샷시포함올수리,탁트인전망,빠를수록좋음","['25년이상', '융자금없는', '올수리', '방세개']",계단식,0.69,3,4,동향,3,1,https://map.kakao.com/?q=경기도 성남시 분당구 야탑동 218&service=opensearch,https://fin.land.naver.com/articles/2443747289,['24.09.04.']
37.679046,127.045881,24.09.04.,래미안도봉,37000,2005,448,1호선,도봉역,268.0,59.25,급전세 초역세권 시설깨끗 신혼부부강추 매물입니다,"['25년이내', '융자금없는', '역세권', '방세개']",계단식,1.09,6,17,남서향,3,2,https://map.kakao.com/?q=서울시 도봉구 도봉동 655&service=opensearch,https://fin.land.naver.com/articles/2443682834,['24.09.04.']
37.528182,126.833729,24.09.04.,성원,35000,1996,170,,,,83.55,로얄층인 매물로 융자도 없는 집,"['25년이상', '융자금없는', '방세개', '화장실두개']",복도식,0.8,중,17,남향,3,2,https://map.kakao.com/?q=서울시 양천구 신월동 222-7&service=opensearch,https://fin.land.naver.com/articles/2443765308,['24.09.04.']
37.68624,127.04668,24.09.04.,도봉한신,36000,1995,2678,7호선,도봉산역,425.0,84.94,"기본수리된집, 비어있음","['25년이상', '역세권', '대단지', '방세개']",계단식,0.91,2,17,동향,3,1,https://map.kakao.com/?q=서울시 도봉구 도봉동 30-1&service=opensearch,https://fin.land.naver.com/articles/2443700622,['24.09.04.']
37.642553,127.063753,24.09.04.,중계그린,28500,1990,3481,7호선,중계역,185.0,59.22,"수리됨 날자협의  채권최고 7,370만원 있음","['25년이상', '융자금적은', '역세권']",복도식,0.37,6,13,남동향,3,1,https://map.kakao.com/?q=서울시 노원구 중계동 502-1&service=opensearch,https://fin.land.naver.com/articles/2443741470,['24.09.04.']
37.4064,127.15443,24.09.04.,목련마을SK,37000,1998,272,,,,59.93,로얄동 햇빛좋은숲세권 아이키우기좋음,"['25년이상', '융자금없는', '1층', '화장실한개']",계단식,0.9,1,15,남향,3,1,https://map.kakao.com/?q=경기도 성남시 분당구 야탑동 147&service=opensearch,https://fin.land.naver.com/articles/2443676026,['24.09.04.']
37.647945,127.042891,24.09.04.,창동주공3단지,37000,1990,2856,1호선,창동역,644.0,84.41,조용한동  올수리 주인거주로 깨끗,"['25년이상', '올수리', '대단지', '방세개']",계단식,0.53,4,5,남향,3,1,https://map.kakao.com/?q=서울시 도봉구 창동 347&service=opensearch,https://fin.land.naver.com/articles/2443678134,['24.09.04.']
37.32578,127.09075,24.09.05.,보원,28000,1994,619,신분당,수지구청역,710.0,59.72,11월입주.도배해드립니다.융자무.전망.역세권.넓은지하주차장,"['25년이상', '방세개', '화장실한개', '중층']",복도식,0.7,9,15,남동향,3,1,https://map.kakao.com/?q=경기도 용인시 수지구 풍덕천동 692&service=opensearch,https://fin.land.naver.com/articles/2443914870,['24.09.05.']
37.32578,127.09075,24.09.05.,보원,28000,1994,619,신분당,수지구청역,710.0,59.72,11월입주.깔끔하고 전망.도배 해드립니다.융자무.역세권.넓은지하주차장,"['25년이상', '방세개', '화장실한개', '중층']",복도식,0.7,9,15,남동향,3,1,https://map.kakao.com/?q=경기도 용인시 수지구 풍덕천동 692&service=opensearch,https://fin.land.naver.com/articles/2443918272,['24.09.05.']
37.3036,127.11103,24.09.05.,상떼빌구성역플랫폼시티,33000,2000,691,수인분당,구성역,948.0,84.86,"부분수리,구성역도보역세권,초중고근접,조용쾌적","['25년이내', '방세개', '화장실두개', '세대당 1.5대이상']",계단식,1.62,5,20,동향,3,2,https://map.kakao.com/?q=경기도 용인시 기흥구 보정동 694&service=opensearch,https://fin.land.naver.com/articles/2443906308,['24.09.05.']
37.65746,127.02702,24.09.05.,청구,35000,1994,978,,,,84.97,"정상 깨끗함 동북,선덕앞","['25년이상', '방세개', '화장실두개', '저층']",계단식,0.65,2,14,남향,3,2,https://map.kakao.com/?q=서울시 도봉구 방학동 734&service=opensearch,https://fin.land.naver.com/articles/2443937053,['24.09.05.']
37.623949,127.078962,24.09.05.,대아(740),36700,1997,130,6호선,화랑대역,779.0,59.75,4년전 샷시빼고 올수리,"['25년이상', '올수리', '방세개', '화장실한개']",복도식,1.07,6,14,남향,3,1,https://map.kakao.com/?q=서울시 노원구 공릉동 740&service=opensearch,https://fin.land.naver.com/articles/2443922887,['24.09.05.']
37.62901,127.04651,24.09.05.,월계극동,35000,1996,199,,,,80.28,깨끗이 수리되고 관리가 잘된집,"['25년이상', '방세개', '화장실두개', '주차가능']",계단식,0.63,3,17,남서향,3,2,https://map.kakao.com/?q=서울시 노원구 월계동 803-1&service=opensearch,https://fin.land.naver.com/articles/2443911032,['24.09.05.']
37.623949,127.078962,24.09.05.,대아(740),36700,1997,130,6호선,화랑대역,779.0,59.75,"내부수리 깨끗, 도배해줍니다.","['25년이상', '방세개', '화장실한개', '중층']",복도식,1,6,14,남향,3,1,https://map.kakao.com/?q=서울시 노원구 공릉동 740&service=opensearch,https://fin.land.naver.com/articles/2443883397,['24.09.05.']
37.65377,127.04056,24.09.05.,창동주공1단지,31000,1990,808,1호선,창동역,772.0,59.22,방3 양쪽베란다 샷시포함수리된집  개별난방,"['25년이상', '융자금없는', '방세개', '화장실한개']",복도식,0.76,6,15,남향,3,1,https://map.kakao.com/?q=서울시 도봉구 창동 305&service=opensearch,https://fin.land.naver.com/articles/2443857758,"['24.09.05.', '24.08.26.']"
37.643122,127.018511,24.09.05.,수유벽산1차,28000,1993,1454,우이신설,가오리역,578.0,63.78,ACE. 아기키우기 좋은 1층. 입주협의. ,"['25년이상', '역세권', '대단지', '1층']",복도식,0.77,1,15,동향,3,1,https://map.kakao.com/?q=서울시 강북구 수유동 205&service=opensearch,https://fin.land.naver.com/articles/2443844005,['24.09.05.']
37.681562,127.052867,24.09.05.,은빛1단지,33000,1998,1391,7호선,수락산역,402.0,59.95,"남향,특올수리,샷시까지,겨울햇볕최고,7호선,공항버스,초중고,지하주차장,","['25년이상', '융자금없는', '올수리', '역세권']",복도식,0.56,7,15,남향,3,1,https://map.kakao.com/?q=서울시 노원구 상계동 1255&service=opensearch,https://fin.land.naver.com/articles/2443779729,['24.09.05.']
37.6153,126.90689,24.09.05.,동익파크,37000,1991,208,,,,84.95,"동익파크 34p 임대, 산 보이는 뷰, 수리완료","['25년이상', '융자금없는', '방세개', '화장실두개']",계단식,0.81,중,10,남서향,3,2,https://map.kakao.com/?q=서울시 은평구 구산동 355-95&service=opensearch,https://fin.land.naver.com/articles/2443752497,['24.09.05.']
37.679046,127.045881,24.09.05.,래미안도봉,37000,2005,448,1호선,도봉역,268.0,59.25,"도봉역도보5분거리,초역세권,","['25년이내', '역세권', '방세개', '화장실한개']",계단식,1,중,17,남서향,3,1,https://map.kakao.com/?q=서울시 도봉구 도봉동 655&service=opensearch,https://fin.land.naver.com/articles/2444023304,['24.09.05.']
37.679812,127.045996,24.09.05.,래미안도봉,35000,2005,448,1호선,도봉역,268.0,59.25,"도봉역도보5분거리,올수리된깨끗한집","['25년이내', '올수리', '역세권', '방세개']",계단식,1,저,18,남동향,3,1,https://map.kakao.com/?q=서울시 도봉구 도봉동 655&service=opensearch,https://fin.land.naver.com/articles/2444002377,['24.09.05.']
37.6153,126.90689,24.09.05.,동익파크,37000,1991,208,,,,84.95,아파트 반 전세,"['25년이상', '방세개', '화장실두개', '중층']",계단식,0.8,중,10,남서향,3,2,https://map.kakao.com/?q=서울시 은평구 구산동 355-95&service=opensearch,https://fin.land.naver.com/articles/2443812814,['24.09.05.']
37.625775,127.020382,24.09.06.,미아래미안1차,35000,2006,306,우이신설,삼양역,177.0,59.9,더블역세권 남향 방3화1 드레스룸1 정상입주,"['25년이내', '역세권', '방세개', '화장실한개']",계단식,1,3,15,남향,3,1,https://map.kakao.com/?q=서울시 강북구 미아동 797&service=opensearch,https://fin.land.naver.com/articles/2444176909,['24.09.06.']
37.638616,127.060471,24.09.06.,학여울청구,35000,1999,1476,1호선,월계역,373.0,59.4,내부올수리  중평초중 관리비지원동,"['25년이상', '융자금없는', '올수리', '대단지']",복도식,1.15,9,18,남동향,3,1,https://map.kakao.com/?q=서울시 노원구 하계동 354&service=opensearch,https://fin.land.naver.com/articles/2444132718,['24.09.06.']
37.630074,127.062618,24.09.06.,성원4단지,35000,1995,713,1호선,월계역,846.0,59.94,샷시포함 전체올수리 조건 남향 뷰좋음 이마트 학교 인접 주거환경양호,"['25년이상', '융자금없는', '올수리', '방세개']",복도식,1,10,15,남향,3,1,https://map.kakao.com/?q=서울시 노원구 월계동 322-1&service=opensearch,https://fin.land.naver.com/articles/2444082256,['24.09.06.']
37.341764,127.099834,24.09.06.,용인수지풍림2차,32000,1998,271,신분당,동천역,546.0,59.94,월세3만원 있어요. 내부올수리 동천역세권 저렴한매물,"['25년이상', '올수리', '방세개', '화장실한개']",복도식,1,3,23,동향,3,1,https://map.kakao.com/?q=경기도 용인시 수지구 동천동 176-1&service=opensearch,https://fin.land.naver.com/articles/2444069327,['24.09.06.']
37.312855,127.091198,24.09.06.,진산마을성원상떼빌,37000,1997,1744,,,,59.99,"12월입주,거실 및 방1확장, 깔끔한수리","['25년이상', '대단지', '방세개', '화장실한개']",계단식,0.99,8,20,남동향,3,1,https://map.kakao.com/?q=경기도 용인시 수지구 상현동 30&service=opensearch,https://fin.land.naver.com/articles/2444127460,['24.09.06.']
37.682107,127.05456,24.09.06.,은빛1단지,30000,1998,1391,7호선,수락산역,402.0,59.95,남향 수리된이쁜집 입주협의,"['25년이상', '역세권', '대단지', '방세개']",복도식,0.56,3,15,남향,3,1,https://map.kakao.com/?q=서울시 노원구 상계동 1255&service=opensearch,https://fin.land.naver.com/articles/2444072232,['24.09.06.']
37.67204,127.050936,24.09.06.,상계현대2차,37000,1993,465,7호선,수락산역,971.0,82.68,시특,"['25년이상', '융자금없는', '방세개', '화장실두개']",계단식,1,3,15,동향,3,2,https://map.kakao.com/?q=서울시 노원구 상계동 1078&service=opensearch,https://fin.land.naver.com/articles/2444135452,['24.09.06.']
37.643122,127.018511,24.09.06.,수유벽산1차,30000,1993,1454,우이신설,가오리역,578.0,63.78,내부 수리 깨끗 전체 샷시교체 경전철 인근 역세권 전세,"['25년이상', '융자금없는', '역세권', '대단지']",복도식,0.77,4,15,동향,3,1,https://map.kakao.com/?q=서울시 강북구 수유동 205&service=opensearch,https://fin.land.naver.com/articles/2444130245,['24.09.06.']
37.464421,126.937541,24.09.06.,현대,35000,1991,336,,,,84.22,수리해줌 숲세권 웰빙 아파트,"['25년이상', '융자금없는', '방세개', '화장실두개']",계단식,0.49,4,15,동향,3,2,https://map.kakao.com/?q=서울시 관악구 신림동 255-189&service=opensearch,https://fin.land.naver.com/articles/2444114146,['24.09.06.']
37.680971,127.054473,24.09.06.,은빛1단지,35500,1998,1391,7호선,수락산역,402.0,59.95,남향 올수리 입주협의,"['25년이상', '올수리', '역세권', '대단지']",복도식,0.56,3,15,남향,3,1,https://map.kakao.com/?q=서울시 노원구 상계동 1255&service=opensearch,https://fin.land.naver.com/articles/2444225976,['24.09.06.']
37.68538,127.04801,24.09.06.,도봉한신,36000,1995,2678,7호선,도봉산역,425.0,84.94,전망우수 수리됨 일조건우수 부자되는집 컨디션좋음,"['25년이상', '대단지', '방세개', '화장실두개']",계단식,0.91,9,17,남향,3,2,https://map.kakao.com/?q=서울시 도봉구 도봉동 30-1&service=opensearch,https://fin.land.naver.com/articles/2444124939,['24.09.06.']
37.680533,127.052698,24.09.06.,은빛2단지,34000,1998,1313,7호선,수락산역,262.0,59.95,내부 전체 올수리 깨끗. 입주 협의가능.빠른입주도,"['25년이상', '융자금없는', '올수리', '역세권']",복도식,0.54,2,15,서향,3,1,https://map.kakao.com/?q=서울시 노원구 상계동 1256&service=opensearch,https://fin.land.naver.com/articles/2444174947,['24.09.06.']
37.674619,127.051175,24.09.06.,상계대림(1301),31000,2002,230,7호선,수락산역,629.0,55.77,깔끔하게올수리된 방3욕1 구조로 12월말입주가능합니다,"['25년이내', '올수리', '방세개', '화장실한개']",복도식,1.1,6,16,동향,3,1,https://map.kakao.com/?q=서울시 노원구 상계동 1301&service=opensearch,https://fin.land.naver.com/articles/2444248142,['24.09.06.']
37.57961,126.81329,24.09.06.,동성,35000,1993,686,5호선,방화역,365.0,64.65,"방화역세권,공원인접,수리,10월중순이후 협의가","['25년이상', '융자금적은', '역세권', '방세개']",계단식,1.27,4,14,동향,3,1,https://map.kakao.com/?q=서울시 강서구 방화동 817&service=opensearch,https://fin.land.naver.com/articles/2444158812,['24.09.06.']
37.51078,126.8502,24.09.06.,신트리4단지,36000,2000,845,,,,59.73,"25,확장올수리,개끗,1층이라 아이키우기좋음,산뷰  굿","['25년이내', '올수리', '1층', '방세개']",복도식,0.59,1,15,서향,3,1,https://map.kakao.com/?q=서울시 양천구 신정동 1277&service=opensearch,https://fin.land.naver.com/articles/2444228506,['24.09.06.']
37.66662,127.03988,24.09.06.,거성학마을,30000,1994,347,1호선,방학역,659.0,59.99,"방학역세권,올수리해줌.발코니3,지하2층주차장,모든대출가능","['25년이상', '융자금없는', '올수리', '방세개']",계단식,1,7,17,동향,3,1,https://map.kakao.com/?q=서울시 도봉구 방학동 701-15&service=opensearch,https://fin.land.naver.com/articles/2444219312,['24.09.06.']
37.65332,127.03845,24.09.06.,창동주공1단지,29000,1990,808,1호선,창동역,772.0,59.39,밝은고 조용한 1 층   샷시포함수리된집 입주협의,"['25년이상', '1층', '방세개', '화장실한개']",복도식,0.76,1,15,남향,3,1,https://map.kakao.com/?q=서울시 도봉구 창동 305&service=opensearch,https://fin.land.naver.com/articles/2444117835,['24.09.06.']
37.65514,127.03146,24.09.06.,쌍문미라보,28000,1995,142,,,,59.96,"숲세권 ,햇살좋은 1층 내부컨디션 좋음 지하주차장 좋습니다.","['25년이상', '1층', '방세개', '화장실한개']",계단식,0.92,1,15,남동향,3,1,https://map.kakao.com/?q=서울시 도봉구 쌍문동 160&service=opensearch,https://fin.land.naver.com/articles/2444094136,['24.09.06.']
37.655773,127.032693,24.09.06.,한양5차,30000,1991,414,,,,65.37,"추천,전체특올수리하고,첫입주,학군굿,지하주차유,앞트임,주거환경좋움","['25년이상', '올수리', '1층', '방세개']",복도식,0.68,1,17,남향,3,1,https://map.kakao.com/?q=서울시 도봉구 쌍문동 59-3&service=opensearch,https://fin.land.naver.com/articles/2444098462,['24.09.06.']
37.655773,127.032693,24.09.06.,한양5차,30000,1991,414,,,,65.37,내부 깨끗이 수리 해드리며 입주 협의 가능합니다.,"['25년이상', '1층', '방세개', '화장실한개']",복도식,0.68,1,17,남향,3,1,https://map.kakao.com/?q=서울시 도봉구 쌍문동 59-3&service=opensearch,https://fin.land.naver.com/articles/2444167089,['24.09.06.']
37.64202,127.01302,24.09.06.,극동,36000,1992,574,우이신설,가오리역,562.0,84.99,"저층이지만 앞이 트인 남향,입주일 조정 됩니다.","['25년이상', '융자금없는', '역세권', '방세개']",계단식,1,2,10,남향,3,2,https://map.kakao.com/?q=서울시 강북구 수유동 553-61&service=opensearch,https://fin.land.naver.com/articles/2444093041,['24.09.06.']
37.374276,127.14113,24.09.06.,효자촌대명,34000,1995,144,,,,58.95,샷시포함 특  올수리  오래거주가능,"['25년이상', '올수리', '1층', '방세개']",계단식,0.59,1,4,남동향,3,1,https://map.kakao.com/?q=경기도 성남시 분당구 서현동 323&service=opensearch,https://fin.land.naver.com/articles/2444110892,['24.09.06.']
37.674619,127.051175,24.09.06.,상계대림(1301),32000,2002,230,7호선,수락산역,629.0,55.77,깔끔하게올수리된 방3욕1 구조로 12월말입주가능합니다,"['25년이내', '올수리', '방세개', '화장실한개']",복도식,1.1,6,16,동향,3,1,https://map.kakao.com/?q=서울시 노원구 상계동 1301&service=opensearch,https://fin.land.naver.com/articles/2444248155,['24.09.06.']
37.30327,127.09629,24.09.06.,성호샤인힐즈,35000,2005,777,,,,84.98,올수리공사완료후 입주 융자무 숲세권,"['25년이내', '융자금적은', '올수리', '1층']",계단식,1.2,1,10,남동향,3,2,https://map.kakao.com/?q=경기도 용인시 기흥구 보정동 878-22&service=opensearch,https://fin.land.naver.com/articles/2444220750,['24.09.06.']
37.62683,127.03046,24.09.07.,미아신구,37000,2000,105,4호선,미아역,508.0,84.9,"올수리 해서 깨끗한 미아신구아파트  , 미아역도보7분","['25년이내', '융자금없는', '올수리']",계단식,1,2,12,남동향,3,2,https://map.kakao.com/?q=서울시 강북구 미아동 1352&service=opensearch,https://fin.land.naver.com/articles/2444351665,['24.09.07.']
37.328278,127.093213,24.09.07.,동부,33000,1995,612,신분당,수지구청역,735.0,59.61,B 방3 화1｜로얄동｜ 우수학군｜수지구청역 도보,"['25년이상', '방세개', '화장실한개', '저층']",계단식,0.5,4,17,남동향,3,1,https://map.kakao.com/?q=경기도 용인시 수지구 풍덕천동 691&service=opensearch,https://fin.land.naver.com/articles/2444298621,['24.09.07.']
37.65756,127.04949,24.09.07.,동아청솔,36000,1997,1981,1호선,창동역,701.0,59.76,"즉시입주 가능, 부분수리, 방3, 창동역 5분","['25년이상', '대단지', '방세개', '화장실한개']",복도식,1.16,3,20,동향,3,1,https://map.kakao.com/?q=서울시 도봉구 창동 808&service=opensearch,https://fin.land.naver.com/articles/2444376228,['24.09.07.']
37.6461,127.06487,24.09.07.,건영2차,35000,1991,742,7호선,중계역,273.0,75.02,"상태양호, 7호선중계역 3분, 학군우수,편의시설인접,투자추천","['25년이상', '역세권', '1층', '방세개']",계단식,0.7,1,14,남향,3,1,https://map.kakao.com/?q=서울시 노원구 중계동 515-2&service=opensearch,https://fin.land.naver.com/articles/2444273422,['24.09.07.']
37.677993,127.052833,24.09.07.,두산,29000,1994,763,7호선,수락산역,243.0,59.97,T 02 951 7272 시원한 수락산 편리한 교통여건,"['25년이상', '융자금없는', '역세권']",복도식,0.63,5,15,남향,3,1,https://map.kakao.com/?q=서울시 노원구 상계동 1110&service=opensearch,https://fin.land.naver.com/articles/2444258122,['24.09.07.']
37.312708,127.092158,24.09.07.,진산마을성원상떼빌,37000,1997,1744,,,,59.99,"수리,깨끗,공실로 언제든 입주가능, 초중우수학군,생활권편리","['25년이상', '대단지', '방세개', '화장실한개']",계단식,0.99,5,20,남동향,3,1,https://map.kakao.com/?q=경기도 용인시 수지구 상현동 30&service=opensearch,https://fin.land.naver.com/articles/2444246970,['24.09.07.']
37.660735,127.050082,24.09.07.,창동성원,37000,2001,194,,,,59.75,"올수리,깨끗, 빠른입주가능,융무,대출가능","['25년이내', '올수리', '방세개', '화장실한개']",계단식,1.12,6,17,남향,3,1,https://map.kakao.com/?q=서울시 도봉구 창동 743-15&service=opensearch,https://fin.land.naver.com/articles/2444301359,['24.09.07.']
37.64479,127.083589,24.09.07.,현대6차,28000,1999,453,,,,59.84,수리깨끗 남향 아이키우기좋은집 주차편리 입주협의,"['25년이상', '1층', '방세개', '화장실한개']",복도식,1,1,15,남향,3,1,https://map.kakao.com/?q=서울시 노원구 중계동 34-5&service=opensearch,https://fin.land.naver.com/articles/2444361353,['24.09.07.']
37.68706,127.04708,24.09.07.,도봉한신,35000,1995,2678,7호선,도봉산역,425.0,84.94,정상 조용함 깨끗함.,"['25년이상', '융자금없는', '역세권', '대단지']",계단식,1,5,17,남향,3,2,https://map.kakao.com/?q=서울시 도봉구 도봉동 30-1&service=opensearch,https://fin.land.naver.com/articles/2444371630,['24.09.07.']
37.51078,126.8502,24.09.07.,신트리4단지,36000,2000,845,,,,59.73,"아이키우기 좋은집,확장올수리,폴딩도어,화장실 수리해줌","['25년이내', '올수리', '1층', '욕실수리']",복도식,0.59,1,15,서향,3,1,https://map.kakao.com/?q=서울시 양천구 신정동 1277&service=opensearch,https://fin.land.naver.com/articles/2444268071,['24.09.07.']
37.684119,127.050397,24.09.07.,도봉파크빌2단지,35000,2002,139,7호선,도봉산역,741.0,84.35,"빠른날짜도 가능.전망좋은 남서향,저렴한전세","['25년이내', '방세개', '화장실두개', '중층']",계단식,1.13,7,20,남서향,3,2,https://map.kakao.com/?q=서울시 도봉구 도봉동 647&service=opensearch,https://fin.land.naver.com/articles/2444359789,['24.09.07.']
37.679812,127.045996,24.09.07.,래미안도봉,35000,2005,448,1호선,도봉역,268.0,59.25,급전세 도봉역접 욕실2 즉시입주 수리깨끗 입니다,"['25년이내', '융자금없는', '역세권', '방세개']",계단식,1.09,저,18,남동향,3,2,https://map.kakao.com/?q=서울시 도봉구 도봉동 655&service=opensearch,https://fin.land.naver.com/articles/2444284262,['24.09.07.']
37.60264,126.95106,24.09.07.,극동,34000,1995,488,,,,84.92,"북한산 숲 조망권 아파트 전세, 빠른 입주 협의 가능","['25년이상', '화장실두개', '방세개']",계단식,0.71,2,16,동향,3,2,https://map.kakao.com/?q=서울시 서대문구 홍은동 454&service=opensearch,https://fin.land.naver.com/articles/2444304078,['24.09.07.']
37.569632,126.815865,24.09.07.,신동아,37000,1995,224,9호선,신방화역,275.0,59.4,방3 올수리 깨끗,"['25년이상', '올수리', '역세권']",복도식,0.66,1,15,동향,3,1,https://map.kakao.com/?q=서울시 강서구 방화동 796&service=opensearch,https://fin.land.naver.com/articles/2444313195,['24.09.07.']
37.51078,126.8502,24.09.07.,신트리4단지,36000,2000,845,,,,59.73,25. 폴딩 도어 등 확장 올수리,"['25년이내', '융자금없는', '올수리', '1층']",복도식,1,1,15,남서향,3,1,https://map.kakao.com/?q=서울시 양천구 신정동 1277&service=opensearch,https://fin.land.naver.com/articles/2444331675,['24.09.07.']
